sid,ug_id,payoff_p,payoff_r,c1,c2,c3,c4,c5,c6,r1,r2,r3,r4,r5,r6,reward_punish,pgoesleft_kind
12010050501,1,600,600,10,20,30,10,20,30,100,200,300,-100,-200,-300,0,1
12010050501,1,900,300,10,20,30,10,20,30,100,200,300,-100,-200,-300,-100,0
12010050501,2,500,700,10,20,30,10,20,30,100,200,300,-100,-200,-300,0,1
12010050501,2,700,500,10,20,30,10,20,30,100,200,300,-100,-200,-300,0,0
12010050502,1,600,600,10,20,30,10,20,30,100,200,300,-100,-200,-300,100,1
12010050502,1,900,300,10,20,30,10,20,30,100,200,300,-100,-200,-300,-300,0
12010050502,2,500,700,10,20,30,10,20,30,100,200,300,-100,-200,-300,200,1
12010050502,2,700,500,10,20,30,10,20,30,100,200,300,-100,-200,-300,-300,0
12010050603,1,600,600,10,20,30,10,20,30,100,200,300,-100,-200,-300,300,1
12010050603,1,900,300,10,20,30,10,20,30,100,200,300,-100,-200,-300,-300,0
12010050603,2,500,700,10,20,30,10,20,30,100,200,300,-100,-200,-300,300,1
12010050603,2,700,500,10,20,30,10,20,30,100,200,300,-100,-200,-300,-300,0
12010050704,1,600,600,10,20,30,10,20,30,100,200,300,-100,-200,-300,100,1
12010050704,1,900,300,10,20,30,10,20,30,100,200,300,-100,-200,-300,-100,0
12010050704,2,500,700,10,20,30,10,20,30,100,200,300,-100,-200,-300,200,1
12010050704,2,700,500,10,20,30,10,20,30,100,200,300,-100,-200,-300,-200,0
12010050705,1,600,600,10,20,30,10,20,30,100,200,300,-100,-200,-300,300,1
12010050705,1,900,300,10,20,30,10,20,30,100,200,300,-100,-200,-300,-200,0
12010050705,2,500,700,10,20,30,10,20,30,100,200,300,-100,-200,-300,200,1
12010050705,2,700,500,10,20,30,10,20,30,100,200,300,-100,-200,-300,-100,0
12010050706,1,600,600,10,20,30,10,20,30,100,200,300,-100,-200,-300,100,1
12010050706,1,900,300,10,20,30,10,20,30,100,200,300,-100,-200,-300,-200,0
12010050706,2,500,700,10,20,30,10,20,30,100,200,300,-100,-200,-300,100,1
12010050706,2,700,500,10,20,30,10,20,30,100,200,300,-100,-200,-300,-200,0
12010051907,1,600,600,10,20,30,10,20,30,100,200,300,-100,-200,-300,300,1
12010051907,1,900,300,10,20,30,10,20,30,100,200,300,-100,-200,-300,300,0
12010051907,2,500,700,10,20,30,10,20,30,100,200,300,-100,-200,-300,300,1
12010051907,2,700,500,10,20,30,10,20,30,100,200,300,-100,-200,-300,300,0
22010050501,1,600,600,10,20,30,10,20,30,100,200,300,-100,-200,-300,0,1
22010050501,1,900,300,10,20,30,10,20,30,100,200,300,-100,-200,-300,-300,0
22010050501,2,500,700,10,20,30,10,20,30,100,200,300,-100,-200,-300,100,1
22010050501,2,700,500,10,20,30,10,20,30,100,200,300,-100,-200,-300,-300,0
22010050603,1,600,600,10,20,30,10,20,30,100,200,300,-100,-200,-300,100,1
22010050603,1,900,300,10,20,30,10,20,30,100,200,300,-100,-200,-300,-300,0
22010050603,2,500,700,10,20,30,10,20,30,100,200,300,-100,-200,-300,300,1
22010050603,2,700,500,10,20,30,10,20,30,100,200,300,-100,-200,-300,-300,0
22010050704,1,600,600,10,20,30,10,20,30,100,200,300,-100,-200,-300,0,1
22010050704,1,900,300,10,20,30,10,20,30,100,200,300,-100,-200,-300,0,0
22010050704,2,500,700,10,20,30,10,20,30,100,200,300,-100,-200,-300,0,1
22010050704,2,700,500,10,20,30,10,20,30,100,200,300,-100,-200,-300,-300,0
22010050705,1,600,600,10,20,30,10,20,30,100,200,300,-100,-200,-300,0,1
22010050705,1,900,300,10,20,30,10,20,30,100,200,300,-100,-200,-300,-300,0
22010050705,2,500,700,10,20,30,10,20,30,100,200,300,-100,-200,-300,100,1
22010050705,2,700,500,10,20,30,10,20,30,100,200,300,-100,-200,-300,-100,0
22010050706,1,600,600,10,20,30,10,20,30,100,200,300,-100,-200,-300,0,1
22010050706,1,900,300,10,20,30,10,20,30,100,200,300,-100,-200,-300,-300,0
22010050706,2,500,700,10,20,30,10,20,30,100,200,300,-100,-200,-300,100,1
22010050706,2,700,500,10,20,30,10,20,30,100,200,300,-100,-200,-300,-200,0
22010051907,1,600,600,10,20,30,10,20,30,100,200,300,-100,-200,-300,300,1
22010051907,1,900,300,10,20,30,10,20,30,100,200,300,-100,-200,-300,0,0
22010051907,2,500,700,10,20,30,10,20,30,100,200,300,-100,-200,-300,300,1
22010051907,2,700,500,10,20,30,10,20,30,100,200,300,-100,-200,-300,300,0
32010050501,1,600,600,10,20,30,10,20,30,100,200,300,-100,-200,-300,0,1
32010050501,1,900,300,10,20,30,10,20,30,100,200,300,-100,-200,-300,0,0
32010050501,2,500,700,10,20,30,10,20,30,100,200,300,-100,-200,-300,0,1
32010050501,2,700,500,10,20,30,10,20,30,100,200,300,-100,-200,-300,0,0
32010050502,1,600,600,10,20,30,10,20,30,100,200,300,-100,-200,-300,0,1
32010050502,1,900,300,10,20,30,10,20,30,100,200,300,-100,-200,-300,0,0
32010050502,2,500,700,10,20,30,10,20,30,100,200,300,-100,-200,-300,0,1
32010050502,2,700,500,10,20,30,10,20,30,100,200,300,-100,-200,-300,0,0
32010050603,1,600,600,10,20,30,10,20,30,100,200,300,-100,-200,-300,0,1
32010050603,1,900,300,10,20,30,10,20,30,100,200,300,-100,-200,-300,0,0
32010050603,2,500,700,10,20,30,10,20,30,100,200,300,-100,-200,-300,100,1
32010050603,2,700,500,10,20,30,10,20,30,100,200,300,-100,-200,-300,0,0
32010050704,1,600,600,10,20,30,10,20,30,100,200,300,-100,-200,-300,-200,1
32010050704,1,900,300,10,20,30,10,20,30,100,200,300,-100,-200,-300,-200,0
32010050704,2,500,700,10,20,30,10,20,30,100,200,300,-100,-200,-300,0,1
32010050704,2,700,500,10,20,30,10,20,30,100,200,300,-100,-200,-300,0,0
32010050705,1,600,600,10,20,30,10,20,30,100,200,300,-100,-200,-300,0,1
32010050705,1,900,300,10,20,30,10,20,30,100,200,300,-100,-200,-300,-200,0
32010050705,2,500,700,10,20,30,10,20,30,100,200,300,-100,-200,-300,-300,1
32010050705,2,700,500,10,20,30,10,20,30,100,200,300,-100,-200,-300,-100,0
32010050706,1,600,600,10,20,30,10,20,30,100,200,300,-100,-200,-300,100,1
32010050706,1,900,300,10,20,30,10,20,30,100,200,300,-100,-200,-300,-300,0
32010050706,2,500,700,10,20,30,10,20,30,100,200,300,-100,-200,-300,300,1
32010050706,2,700,500,10,20,30,10,20,30,100,200,300,-100,-200,-300,-300,0
32010051907,1,600,600,10,20,30,10,20,30,100,200,300,-100,-200,-300,0,1
32010051907,1,900,300,10,20,30,10,20,30,100,200,300,-100,-200,-300,0,0
32010051907,2,500,700,10,20,30,10,20,30,100,200,300,-100,-200,-300,0,1
32010051907,2,700,500,10,20,30,10,20,30,100,200,300,-100,-200,-300,0,0
42010050501,1,600,600,10,20,30,10,20,30,100,200,300,-100,-200,-300,200,1
42010050501,1,900,300,10,20,30,10,20,30,100,200,300,-100,-200,-300,0,0
42010050501,2,500,700,10,20,30,10,20,30,100,200,300,-100,-200,-300,100,1
42010050501,2,700,500,10,20,30,10,20,30,100,200,300,-100,-200,-300,-300,0
42010050502,1,600,600,10,20,30,10,20,30,100,200,300,-100,-200,-300,100,1
42010050502,1,900,300,10,20,30,10,20,30,100,200,300,-100,-200,-300,-100,0
42010050502,2,500,700,10,20,30,10,20,30,100,200,300,-100,-200,-300,100,1
42010050502,2,700,500,10,20,30,10,20,30,100,200,300,-100,-200,-300,0,0
42010050603,1,600,600,10,20,30,10,20,30,100,200,300,-100,-200,-300,200,1
42010050603,1,900,300,10,20,30,10,20,30,100,200,300,-100,-200,-300,-300,0
42010050603,2,500,700,10,20,30,10,20,30,100,200,300,-100,-200,-300,200,1
42010050603,2,700,500,10,20,30,10,20,30,100,200,300,-100,-200,-300,-300,0
42010050704,1,600,600,10,20,30,10,20,30,100,200,300,-100,-200,-300,0,1
42010050704,1,900,300,10,20,30,10,20,30,100,200,300,-100,-200,-300,0,0
42010050704,2,500,700,10,20,30,10,20,30,100,200,300,-100,-200,-300,0,1
42010050704,2,700,500,10,20,30,10,20,30,100,200,300,-100,-200,-300,0,0
42010050705,1,600,600,10,20,30,10,20,30,100,200,300,-100,-200,-300,0,1
42010050705,1,900,300,10,20,30,10,20,30,100,200,300,-100,-200,-300,0,0
42010050705,2,500,700,10,20,30,10,20,30,100,200,300,-100,-200,-300,0,1
42010050705,2,700,500,10,20,30,10,20,30,100,200,300,-100,-200,-300,0,0
42010050706,1,600,600,10,20,30,10,20,30,100,200,300,-100,-200,-300,-300,1
42010050706,1,900,300,10,20,30,10,20,30,100,200,300,-100,-200,-300,-300,0
42010050706,2,500,700,10,20,30,10,20,30,100,200,300,-100,-200,-300,200,1
42010050706,2,700,500,10,20,30,10,20,30,100,200,300,-100,-200,-300,-300,0
42010051907,1,600,600,10,20,30,10,20,30,100,200,300,-100,-200,-300,300,1
42010051907,1,900,300,10,20,30,10,20,30,100,200,300,-100,-200,-300,0,0
42010051907,2,500,700,10,20,30,10,20,30,100,200,300,-100,-200,-300,300,1
42010051907,2,700,500,10,20,30,10,20,30,100,200,300,-100,-200,-300,0,0
52010050501,1,600,600,10,20,30,10,20,30,100,200,300,-100,-200,-300,300,1
52010050501,1,900,300,10,20,30,10,20,30,100,200,300,-100,-200,-300,-300,0
52010050501,2,500,700,10,20,30,10,20,30,100,200,300,-100,-200,-300,300,1
52010050501,2,700,500,10,20,30,10,20,30,100,200,300,-100,-200,-300,-300,0
52010050502,1,600,600,10,20,30,10,20,30,100,200,300,-100,-200,-300,0,1
52010050502,1,900,300,10,20,30,10,20,30,100,200,300,-100,-200,-300,-300,0
52010050502,2,500,700,10,20,30,10,20,30,100,200,300,-100,-200,-300,100,1
52010050502,2,700,500,10,20,30,10,20,30,100,200,300,-100,-200,-300,-300,0
52010050704,1,600,600,10,20,30,10,20,30,100,200,300,-100,-200,-300,-300,1
52010050704,1,900,300,10,20,30,10,20,30,100,200,300,-100,-200,-300,-300,0
52010050704,2,500,700,10,20,30,10,20,30,100,200,300,-100,-200,-300,0,1
52010050704,2,700,500,10,20,30,10,20,30,100,200,300,-100,-200,-300,-300,0
52010050705,1,600,600,10,20,30,10,20,30,100,200,300,-100,-200,-300,100,1
52010050705,1,900,300,10,20,30,10,20,30,100,200,300,-100,-200,-300,-300,0
52010050705,2,500,700,10,20,30,10,20,30,100,200,300,-100,-200,-300,200,1
52010050705,2,700,500,10,20,30,10,20,30,100,200,300,-100,-200,-300,-300,0
52010050706,1,600,600,10,20,30,10,20,30,100,200,300,-100,-200,-300,300,1
52010050706,1,900,300,10,20,30,10,20,30,100,200,300,-100,-200,-300,0,0
52010050706,2,500,700,10,20,30,10,20,30,100,200,300,-100,-200,-300,300,1
52010050706,2,700,500,10,20,30,10,20,30,100,200,300,-100,-200,-300,0,0
52010051907,1,600,600,10,20,30,10,20,30,100,200,300,-100,-200,-300,100,1
52010051907,1,900,300,10,20,30,10,20,30,100,200,300,-100,-200,-300,-200,0
52010051907,2,500,700,10,20,30,10,20,30,100,200,300,-100,-200,-300,300,1
52010051907,2,700,500,10,20,30,10,20,30,100,200,300,-100,-200,-300,0,0
62010050501,1,600,600,10,20,30,10,20,30,100,200,300,-100,-200,-300,300,1
62010050501,1,900,300,10,20,30,10,20,30,100,200,300,-100,-200,-300,0,0
62010050501,2,500,700,10,20,30,10,20,30,100,200,300,-100,-200,-300,0,1
62010050501,2,700,500,10,20,30,10,20,30,100,200,300,-100,-200,-300,0,0
62010050502,1,600,600,10,20,30,10,20,30,100,200,300,-100,-200,-300,0,1
62010050502,1,900,300,10,20,30,10,20,30,100,200,300,-100,-200,-300,0,0
62010050502,2,500,700,10,20,30,10,20,30,100,200,300,-100,-200,-300,0,1
62010050502,2,700,500,10,20,30,10,20,30,100,200,300,-100,-200,-300,0,0
62010050704,1,600,600,10,20,30,10,20,30,100,200,300,-100,-200,-300,0,1
62010050704,1,900,300,10,20,30,10,20,30,100,200,300,-100,-200,-300,-300,0
62010050704,2,500,700,10,20,30,10,20,30,100,200,300,-100,-200,-300,300,1
62010050704,2,700,500,10,20,30,10,20,30,100,200,300,-100,-200,-300,0,0
62010051907,1,600,600,10,20,30,10,20,30,100,200,300,-100,-200,-300,0,1
62010051907,1,900,300,10,20,30,10,20,30,100,200,300,-100,-200,-300,0,0
62010051907,2,500,700,10,20,30,10,20,30,100,200,300,-100,-200,-300,0,1
62010051907,2,700,500,10,20,30,10,20,30,100,200,300,-100,-200,-300,0,0
72010050502,1,600,600,10,20,30,10,20,30,100,200,300,-100,-200,-300,0,1
72010050502,1,900,300,10,20,30,10,20,30,100,200,300,-100,-200,-300,0,0
72010050502,2,500,700,10,20,30,10,20,30,100,200,300,-100,-200,-300,200,1
72010050502,2,700,500,10,20,30,10,20,30,100,200,300,-100,-200,-300,-300,0
72010050603,1,600,600,10,20,30,10,20,30,100,200,300,-100,-200,-300,0,1
72010050603,1,900,300,10,20,30,10,20,30,100,200,300,-100,-200,-300,-300,0
72010050603,2,500,700,10,20,30,10,20,30,100,200,300,-100,-200,-300,0,1
72010050603,2,700,500,10,20,30,10,20,30,100,200,300,-100,-200,-300,0,0
72010050704,1,600,600,10,20,30,10,20,30,100,200,300,-100,-200,-300,0,1
72010050704,1,900,300,10,20,30,10,20,30,100,200,300,-100,-200,-300,-300,0
72010050704,2,500,700,10,20,30,10,20,30,100,200,300,-100,-200,-300,200,1
72010050704,2,700,500,10,20,30,10,20,30,100,200,300,-100,-200,-300,-300,0
72010050705,1,600,600,10,20,30,10,20,30,100,200,300,-100,-200,-300,0,1
72010050705,1,900,300,10,20,30,10,20,30,100,200,300,-100,-200,-300,-300,0
72010050705,2,500,700,10,20,30,10,20,30,100,200,300,-100,-200,-300,200,1
72010050705,2,700,500,10,20,30,10,20,30,100,200,300,-100,-200,-300,-200,0
72010050706,1,600,600,10,20,30,10,20,30,100,200,300,-100,-200,-300,200,1
72010050706,1,900,300,10,20,30,10,20,30,100,200,300,-100,-200,-300,-200,0
72010050706,2,500,700,10,20,30,10,20,30,100,200,300,-100,-200,-300,200,1
72010050706,2,700,500,10,20,30,10,20,30,100,200,300,-100,-200,-300,-100,0
72010051907,1,600,600,10,20,30,10,20,30,100,200,300,-100,-200,-300,100,1
72010051907,1,900,300,10,20,30,10,20,30,100,200,300,-100,-200,-300,0,0
72010051907,2,500,700,10,20,30,10,20,30,100,200,300,-100,-200,-300,200,1
72010051907,2,700,500,10,20,30,10,20,30,100,200,300,-100,-200,-300,0,0
82010050501,1,600,600,10,20,30,10,20,30,100,200,300,-100,-200,-300,100,1
82010050501,1,900,300,10,20,30,10,20,30,100,200,300,-100,-200,-300,-200,0
82010050501,2,500,700,10,20,30,10,20,30,100,200,300,-100,-200,-300,200,1
82010050501,2,700,500,10,20,30,10,20,30,100,200,300,-100,-200,-300,-200,0
82010050502,1,600,600,10,20,30,10,20,30,100,200,300,-100,-200,-300,300,1
82010050502,1,900,300,10,20,30,10,20,30,100,200,300,-100,-200,-300,-300,0
82010050502,2,500,700,10,20,30,10,20,30,100,200,300,-100,-200,-300,200,1
82010050502,2,700,500,10,20,30,10,20,30,100,200,300,-100,-200,-300,-200,0
82010050603,1,600,600,10,20,30,10,20,30,100,200,300,-100,-200,-300,0,1
82010050603,1,900,300,10,20,30,10,20,30,100,200,300,-100,-200,-300,0,0
82010050603,2,500,700,10,20,30,10,20,30,100,200,300,-100,-200,-300,300,1
82010050603,2,700,500,10,20,30,10,20,30,100,200,300,-100,-200,-300,300,0
82010050704,1,600,600,10,20,30,10,20,30,100,200,300,-100,-200,-300,0,1
82010050704,1,900,300,10,20,30,10,20,30,100,200,300,-100,-200,-300,-300,0
82010050704,2,500,700,10,20,30,10,20,30,100,200,300,-100,-200,-300,100,1
82010050704,2,700,500,10,20,30,10,20,30,100,200,300,-100,-200,-300,-100,0
82010050706,1,600,600,10,20,30,10,20,30,100,200,300,-100,-200,-300,0,1
82010050706,1,900,300,10,20,30,10,20,30,100,200,300,-100,-200,-300,-100,0
82010050706,2,500,700,10,20,30,10,20,30,100,200,300,-100,-200,-300,300,1
82010050706,2,700,500,10,20,30,10,20,30,100,200,300,-100,-200,-300,0,0
82010051907,1,600,600,10,20,30,10,20,30,100,200,300,-100,-200,-300,100,1
82010051907,1,900,300,10,20,30,10,20,30,100,200,300,-100,-200,-300,100,0
82010051907,2,500,700,10,20,30,10,20,30,100,200,300,-100,-200,-300,100,1
82010051907,2,700,500,10,20,30,10,20,30,100,200,300,-100,-200,-300,100,0
92010050501,1,600,600,10,20,30,10,20,30,100,200,300,-100,-200,-300,100,1
92010050501,1,900,300,10,20,30,10,20,30,100,200,300,-100,-200,-300,0,0
92010050501,2,500,700,10,20,30,10,20,30,100,200,300,-100,-200,-300,100,1
92010050501,2,700,500,10,20,30,10,20,30,100,200,300,-100,-200,-300,-100,0
92010050502,1,600,600,10,20,30,10,20,30,100,200,300,-100,-200,-300,300,1
92010050502,1,900,300,10,20,30,10,20,30,100,200,300,-100,-200,-300,-100,0
92010050502,2,500,700,10,20,30,10,20,30,100,200,300,-100,-200,-300,300,1
92010050502,2,700,500,10,20,30,10,20,30,100,200,300,-100,-200,-300,-200,0
92010050603,1,600,600,10,20,30,10,20,30,100,200,300,-100,-200,-300,0,1
92010050603,1,900,300,10,20,30,10,20,30,100,200,300,-100,-200,-300,-300,0
92010050603,2,500,700,10,20,30,10,20,30,100,200,300,-100,-200,-300,0,1
92010050603,2,700,500,10,20,30,10,20,30,100,200,300,-100,-200,-300,-300,0
92010050704,1,600,600,10,20,30,10,20,30,100,200,300,-100,-200,-300,0,1
92010050704,1,900,300,10,20,30,10,20,30,100,200,300,-100,-200,-300,0,0
92010050704,2,500,700,10,20,30,10,20,30,100,200,300,-100,-200,-300,200,1
92010050704,2,700,500,10,20,30,10,20,30,100,200,300,-100,-200,-300,0,0
92010050705,1,600,600,10,20,30,10,20,30,100,200,300,-100,-200,-300,0,1
92010050705,1,900,300,10,20,30,10,20,30,100,200,300,-100,-200,-300,-300,0
92010050705,2,500,700,10,20,30,10,20,30,100,200,300,-100,-200,-300,100,1
92010050705,2,700,500,10,20,30,10,20,30,100,200,300,-100,-200,-300,-300,0
92010050706,1,600,600,10,20,30,10,20,30,100,200,300,-100,-200,-300,0,1
92010050706,1,900,300,10,20,30,10,20,30,100,200,300,-100,-200,-300,-200,0
92010050706,2,500,700,10,20,30,10,20,30,100,200,300,-100,-200,-300,200,1
92010050706,2,700,500,10,20,30,10,20,30,100,200,300,-100,-200,-300,-100,0
92010051907,1,600,600,10,20,30,10,20,30,100,200,300,-100,-200,-300,100,1
92010051907,1,900,300,10,20,30,10,20,30,100,200,300,-100,-200,-300,-100,0
92010051907,2,500,700,10,20,30,10,20,30,100,200,300,-100,-200,-300,100,1
92010051907,2,700,500,10,20,30,10,20,30,100,200,300,-100,-200,-300,-200,0
102010050501,1,600,600,10,20,30,10,20,30,100,200,300,-100,-200,-300,100,1
102010050501,1,900,300,10,20,30,10,20,30,100,200,300,-100,-200,-300,-200,0
102010050501,2,500,700,10,20,30,10,20,30,100,200,300,-100,-200,-300,-300,1
102010050501,2,700,500,10,20,30,10,20,30,100,200,300,-100,-200,-300,200,0
102010050502,1,600,600,10,20,30,10,20,30,100,200,300,-100,-200,-300,200,1
102010050502,1,900,300,10,20,30,10,20,30,100,200,300,-100,-200,-300,-300,0
102010050502,2,500,700,10,20,30,10,20,30,100,200,300,-100,-200,-300,100,1
102010050502,2,700,500,10,20,30,10,20,30,100,200,300,-100,-200,-300,0,0
102010050603,1,600,600,10,20,30,10,20,30,100,200,300,-100,-200,-300,-200,1
102010050603,1,900,300,10,20,30,10,20,30,100,200,300,-100,-200,-300,0,0
102010050603,2,500,700,10,20,30,10,20,30,100,200,300,-100,-200,-300,0,1
102010050603,2,700,500,10,20,30,10,20,30,100,200,300,-100,-200,-300,-100,0
102010050704,1,600,600,10,20,30,10,20,30,100,200,300,-100,-200,-300,300,1
102010050704,1,900,300,10,20,30,10,20,30,100,200,300,-100,-200,-300,-300,0
102010050704,2,500,700,10,20,30,10,20,30,100,200,300,-100,-200,-300,300,1
102010050704,2,700,500,10,20,30,10,20,30,100,200,300,-100,-200,-300,-300,0
102010050705,1,600,600,10,20,30,10,20,30,100,200,300,-100,-200,-300,300,1
102010050705,1,900,300,10,20,30,10,20,30,100,200,300,-100,-200,-300,-200,0
102010050705,2,500,700,10,20,30,10,20,30,100,200,300,-100,-200,-300,300,1
102010050705,2,700,500,10,20,30,10,20,30,100,200,300,-100,-200,-300,-300,0
102010051907,1,600,600,10,20,30,10,20,30,100,200,300,-100,-200,-300,0,1
102010051907,1,900,300,10,20,30,10,20,30,100,200,300,-100,-200,-300,-300,0
102010051907,2,500,700,10,20,30,10,20,30,100,200,300,-100,-200,-300,0,1
102010051907,2,700,500,10,20,30,10,20,30,100,200,300,-100,-200,-300,-300,0
112010050501,1,600,600,10,20,30,10,20,30,100,200,300,-100,-200,-300,100,1
112010050501,1,900,300,10,20,30,10,20,30,100,200,300,-100,-200,-300,-300,0
112010050501,2,500,700,10,20,30,10,20,30,100,200,300,-100,-200,-300,100,1
112010050501,2,700,500,10,20,30,10,20,30,100,200,300,-100,-200,-300,-200,0
112010050502,1,600,600,10,20,30,10,20,30,100,200,300,-100,-200,-300,100,1
112010050502,1,900,300,10,20,30,10,20,30,100,200,300,-100,-200,-300,0,0
112010050502,2,500,700,10,20,30,10,20,30,100,200,300,-100,-200,-300,100,1
112010050502,2,700,500,10,20,30,10,20,30,100,200,300,-100,-200,-300,0,0
112010050603,1,600,600,10,20,30,10,20,30,100,200,300,-100,-200,-300,0,1
112010050603,1,900,300,10,20,30,10,20,30,100,200,300,-100,-200,-300,0,0
112010050603,2,500,700,10,20,30,10,20,30,100,200,300,-100,-200,-300,0,1
112010050603,2,700,500,10,20,30,10,20,30,100,200,300,-100,-200,-300,0,0
112010050704,1,600,600,10,20,30,10,20,30,100,200,300,-100,-200,-300,0,1
112010050704,1,900,300,10,20,30,10,20,30,100,200,300,-100,-200,-300,0,0
112010050704,2,500,700,10,20,30,10,20,30,100,200,300,-100,-200,-300,0,1
112010050704,2,700,500,10,20,30,10,20,30,100,200,300,-100,-200,-300,-100,0
112010050706,1,600,600,10,20,30,10,20,30,100,200,300,-100,-200,-300,0,1
112010050706,1,900,300,10,20,30,10,20,30,100,200,300,-100,-200,-300,0,0
112010050706,2,500,700,10,20,30,10,20,30,100,200,300,-100,-200,-300,100,1
112010050706,2,700,500,10,20,30,10,20,30,100,200,300,-100,-200,-300,-100,0
112010051907,1,600,600,10,20,30,10,20,30,100,200,300,-100,-200,-300,300,1
112010051907,1,900,300,10,20,30,10,20,30,100,200,300,-100,-200,-300,0,0
112010051907,2,500,700,10,20,30,10,20,30,100,200,300,-100,-200,-300,300,1
112010051907,2,700,500,10,20,30,10,20,30,100,200,300,-100,-200,-300,0,0
122010050501,1,600,600,10,20,30,10,20,30,100,200,300,-100,-200,-300,300,1
122010050501,1,900,300,10,20,30,10,20,30,100,200,300,-100,-200,-300,300,0
122010050501,2,500,700,10,20,30,10,20,30,100,200,300,-100,-200,-300,300,1
122010050501,2,700,500,10,20,30,10,20,30,100,200,300,-100,-200,-300,300,0
122010050502,1,600,600,10,20,30,10,20,30,100,200,300,-100,-200,-300,0,1
122010050502,1,900,300,10,20,30,10,20,30,100,200,300,-100,-200,-300,0,0
122010050502,2,500,700,10,20,30,10,20,30,100,200,300,-100,-200,-300,0,1
122010050502,2,700,500,10,20,30,10,20,30,100,200,300,-100,-200,-300,0,0
122010050704,1,600,600,10,20,30,10,20,30,100,200,300,-100,-200,-300,0,1
122010050704,1,900,300,10,20,30,10,20,30,100,200,300,-100,-200,-300,-300,0
122010050704,2,500,700,10,20,30,10,20,30,100,200,300,-100,-200,-300,100,1
122010050704,2,700,500,10,20,30,10,20,30,100,200,300,-100,-200,-300,-200,0
122010050705,1,600,600,10,20,30,10,20,30,100,200,300,-100,-200,-300,100,1
122010050705,1,900,300,10,20,30,10,20,30,100,200,300,-100,-200,-300,-300,0
122010050705,2,500,700,10,20,30,10,20,30,100,200,300,-100,-200,-300,200,1
122010050705,2,700,500,10,20,30,10,20,30,100,200,300,-100,-200,-300,-100,0
122010050706,1,600,600,10,20,30,10,20,30,100,200,300,-100,-200,-300,0,1
122010050706,1,900,300,10,20,30,10,20,30,100,200,300,-100,-200,-300,0,0
122010050706,2,500,700,10,20,30,10,20,30,100,200,300,-100,-200,-300,0,1
122010050706,2,700,500,10,20,30,10,20,30,100,200,300,-100,-200,-300,0,0
122010051907,1,600,600,10,20,30,10,20,30,100,200,300,-100,-200,-300,0,1
122010051907,1,900,300,10,20,30,10,20,30,100,200,300,-100,-200,-300,0,0
122010051907,2,500,700,10,20,30,10,20,30,100,200,300,-100,-200,-300,0,1
122010051907,2,700,500,10,20,30,10,20,30,100,200,300,-100,-200,-300,0,0
132010050501,1,600,600,10,20,30,10,20,30,100,200,300,-100,-200,-300,0,1
132010050501,1,900,300,10,20,30,10,20,30,100,200,300,-100,-200,-300,-100,0
132010050501,2,500,700,10,20,30,10,20,30,100,200,300,-100,-200,-300,100,1
132010050501,2,700,500,10,20,30,10,20,30,100,200,300,-100,-200,-300,0,0
132010050502,1,600,600,10,20,30,10,20,30,100,200,300,-100,-200,-300,0,1
132010050502,1,900,300,10,20,30,10,20,30,100,200,300,-100,-200,-300,0,0
132010050502,2,500,700,10,20,30,10,20,30,100,200,300,-100,-200,-300,300,1
132010050502,2,700,500,10,20,30,10,20,30,100,200,300,-100,-200,-300,300,0
132010050603,1,600,600,10,20,30,10,20,30,100,200,300,-100,-200,-300,0,1
132010050603,1,900,300,10,20,30,10,20,30,100,200,300,-100,-200,-300,0,0
132010050603,2,500,700,10,20,30,10,20,30,100,200,300,-100,-200,-300,0,1
132010050603,2,700,500,10,20,30,10,20,30,100,200,300,-100,-200,-300,-200,0
132010050704,1,600,600,10,20,30,10,20,30,100,200,300,-100,-200,-300,300,1
132010050704,1,900,300,10,20,30,10,20,30,100,200,300,-100,-200,-300,0,0
132010050704,2,500,700,10,20,30,10,20,30,100,200,300,-100,-200,-300,300,1
132010050704,2,700,500,10,20,30,10,20,30,100,200,300,-100,-200,-300,0,0
132010050705,1,600,600,10,20,30,10,20,30,100,200,300,-100,-200,-300,0,1
132010050705,1,900,300,10,20,30,10,20,30,100,200,300,-100,-200,-300,0,0
132010050705,2,500,700,10,20,30,10,20,30,100,200,300,-100,-200,-300,100,1
132010050705,2,700,500,10,20,30,10,20,30,100,200,300,-100,-200,-300,-100,0
132010051907,1,600,600,10,20,30,10,20,30,100,200,300,-100,-200,-300,300,1
132010051907,1,900,300,10,20,30,10,20,30,100,200,300,-100,-200,-300,-300,0
132010051907,2,500,700,10,20,30,10,20,30,100,200,300,-100,-200,-300,300,1
132010051907,2,700,500,10,20,30,10,20,30,100,200,300,-100,-200,-300,-300,0
142010050501,1,600,600,10,20,30,10,20,30,100,200,300,-100,-200,-300,0,1
142010050501,1,900,300,10,20,30,10,20,30,100,200,300,-100,-200,-300,-300,0
142010050501,2,500,700,10,20,30,10,20,30,100,200,300,-100,-200,-300,-300,1
142010050501,2,700,500,10,20,30,10,20,30,100,200,300,-100,-200,-300,-300,0
142010050502,1,600,600,10,20,30,10,20,30,100,200,300,-100,-200,-300,-300,1
142010050502,1,900,300,10,20,30,10,20,30,100,200,300,-100,-200,-300,-300,0
142010050502,2,500,700,10,20,30,10,20,30,100,200,300,-100,-200,-300,100,1
142010050502,2,700,500,10,20,30,10,20,30,100,200,300,-100,-200,-300,-100,0
142010050603,1,600,600,10,20,30,10,20,30,100,200,300,-100,-200,-300,300,1
142010050603,1,900,300,10,20,30,10,20,30,100,200,300,-100,-200,-300,-300,0
142010050603,2,500,700,10,20,30,10,20,30,100,200,300,-100,-200,-300,300,1
142010050603,2,700,500,10,20,30,10,20,30,100,200,300,-100,-200,-300,-300,0
142010050704,1,600,600,10,20,30,10,20,30,100,200,300,-100,-200,-300,200,1
142010050704,1,900,300,10,20,30,10,20,30,100,200,300,-100,-200,-300,-300,0
142010050704,2,500,700,10,20,30,10,20,30,100,200,300,-100,-200,-300,200,1
142010050704,2,700,500,10,20,30,10,20,30,100,200,300,-100,-200,-300,-300,0
142010050705,1,600,600,10,20,30,10,20,30,100,200,300,-100,-200,-300,-300,1
142010050705,1,900,300,10,20,30,10,20,30,100,200,300,-100,-200,-300,-300,0
142010050705,2,500,700,10,20,30,10,20,30,100,200,300,-100,-200,-300,100,1
142010050705,2,700,500,10,20,30,10,20,30,100,200,300,-100,-200,-300,0,0
142010050706,1,600,600,10,20,30,10,20,30,100,200,300,-100,-200,-300,0,1
142010050706,1,900,300,10,20,30,10,20,30,100,200,300,-100,-200,-300,0,0
142010050706,2,500,700,10,20,30,10,20,30,100,200,300,-100,-200,-300,0,1
142010050706,2,700,500,10,20,30,10,20,30,100,200,300,-100,-200,-300,0,0
142010051907,1,600,600,10,20,30,10,20,30,100,200,300,-100,-200,-300,100,1
142010051907,1,900,300,10,20,30,10,20,30,100,200,300,-100,-200,-300,0,0
142010051907,2,500,700,10,20,30,10,20,30,100,200,300,-100,-200,-300,200,1
142010051907,2,700,500,10,20,30,10,20,30,100,200,300,-100,-200,-300,0,0
152010050501,1,600,600,10,20,30,10,20,30,100,200,300,-100,-200,-300,0,1
152010050501,1,900,300,10,20,30,10,20,30,100,200,300,-100,-200,-300,0,0
152010050501,2,500,700,10,20,30,10,20,30,100,200,300,-100,-200,-300,100,1
152010050501,2,700,500,10,20,30,10,20,30,100,200,300,-100,-200,-300,0,0
152010050502,1,600,600,10,20,30,10,20,30,100,200,300,-100,-200,-300,300,1
152010050502,1,900,300,10,20,30,10,20,30,100,200,300,-100,-200,-300,0,0
152010050502,2,500,700,10,20,30,10,20,30,100,200,300,-100,-200,-300,300,1
152010050502,2,700,500,10,20,30,10,20,30,100,200,300,-100,-200,-300,0,0
152010050603,1,600,600,10,20,30,10,20,30,100,200,300,-100,-200,-300,-300,1
152010050603,1,900,300,10,20,30,10,20,30,100,200,300,-100,-200,-300,-300,0
152010050603,2,500,700,10,20,30,10,20,30,100,200,300,-100,-200,-300,-100,1
152010050603,2,700,500,10,20,30,10,20,30,100,200,300,-100,-200,-300,-300,0
152010050704,1,600,600,10,20,30,10,20,30,100,200,300,-100,-200,-300,0,1
152010050704,1,900,300,10,20,30,10,20,30,100,200,300,-100,-200,-300,0,0
152010050704,2,500,700,10,20,30,10,20,30,100,200,300,-100,-200,-300,0,1
152010050704,2,700,500,10,20,30,10,20,30,100,200,300,-100,-200,-300,0,0
152010050705,1,600,600,10,20,30,10,20,30,100,200,300,-100,-200,-300,100,1
152010050705,1,900,300,10,20,30,10,20,30,100,200,300,-100,-200,-300,-100,0
152010050705,2,500,700,10,20,30,10,20,30,100,200,300,-100,-200,-300,0,1
152010050705,2,700,500,10,20,30,10,20,30,100,200,300,-100,-200,-300,0,0
152010051907,1,600,600,10,20,30,10,20,30,100,200,300,-100,-200,-300,0,1
152010051907,1,900,300,10,20,30,10,20,30,100,200,300,-100,-200,-300,0,0
152010051907,2,500,700,10,20,30,10,20,30,100,200,300,-100,-200,-300,0,1
152010051907,2,700,500,10,20,30,10,20,30,100,200,300,-100,-200,-300,0,0
162010050501,1,600,600,10,20,30,10,20,30,100,200,300,-100,-200,-300,300,1
162010050501,1,900,300,10,20,30,10,20,30,100,200,300,-100,-200,-300,100,0
162010050501,2,500,700,10,20,30,10,20,30,100,200,300,-100,-200,-300,300,1
162010050501,2,700,500,10,20,30,10,20,30,100,200,300,-100,-200,-300,300,0
162010050603,1,600,600,10,20,30,10,20,30,100,200,300,-100,-200,-300,0,1
162010050603,1,900,300,10,20,30,10,20,30,100,200,300,-100,-200,-300,-300,0
162010050603,2,500,700,10,20,30,10,20,30,100,200,300,-100,-200,-300,0,1
162010050603,2,700,500,10,20,30,10,20,30,100,200,300,-100,-200,-300,0,0
162010050704,1,600,600,10,20,30,10,20,30,100,200,300,-100,-200,-300,100,1
162010050704,1,900,300,10,20,30,10,20,30,100,200,300,-100,-200,-300,-200,0
162010050704,2,500,700,10,20,30,10,20,30,100,200,300,-100,-200,-300,100,1
162010050704,2,700,500,10,20,30,10,20,30,100,200,300,-100,-200,-300,-200,0
162010050705,1,600,600,10,20,30,10,20,30,100,200,300,-100,-200,-300,0,1
162010050705,1,900,300,10,20,30,10,20,30,100,200,300,-100,-200,-300,-300,0
162010050705,2,500,700,10,20,30,10,20,30,100,200,300,-100,-200,-300,100,1
162010050705,2,700,500,10,20,30,10,20,30,100,200,300,-100,-200,-300,-300,0
162010050706,1,600,600,10,20,30,10,20,30,100,200,300,-100,-200,-300,0,1
162010050706,1,900,300,10,20,30,10,20,30,100,200,300,-100,-200,-300,0,0
162010050706,2,500,700,10,20,30,10,20,30,100,200,300,-100,-200,-300,0,1
162010050706,2,700,500,10,20,30,10,20,30,100,200,300,-100,-200,-300,-300,0
162010051907,1,600,600,10,20,30,10,20,30,100,200,300,-100,-200,-300,100,1
162010051907,1,900,300,10,20,30,10,20,30,100,200,300,-100,-200,-300,-100,0
162010051907,2,500,700,10,20,30,10,20,30,100,200,300,-100,-200,-300,100,1
162010051907,2,700,500,10,20,30,10,20,30,100,200,300,-100,-200,-300,-100,0
172010050502,1,600,600,10,20,30,10,20,30,100,200,300,-100,-200,-300,0,1
172010050502,1,900,300,10,20,30,10,20,30,100,200,300,-100,-200,-300,0,0
172010050502,2,500,700,10,20,30,10,20,30,100,200,300,-100,-200,-300,0,1
172010050502,2,700,500,10,20,30,10,20,30,100,200,300,-100,-200,-300,0,0
172010050603,1,600,600,10,20,30,10,20,30,100,200,300,-100,-200,-300,-100,1
172010050603,1,900,300,10,20,30,10,20,30,100,200,300,-100,-200,-300,-100,0
172010050603,2,500,700,10,20,30,10,20,30,100,200,300,-100,-200,-300,-100,1
172010050603,2,700,500,10,20,30,10,20,30,100,200,300,-100,-200,-300,-100,0
172010050705,1,600,600,10,20,30,10,20,30,100,200,300,-100,-200,-300,0,1
172010050705,1,900,300,10,20,30,10,20,30,100,200,300,-100,-200,-300,-300,0
172010050705,2,500,700,10,20,30,10,20,30,100,200,300,-100,-200,-300,100,1
172010050705,2,700,500,10,20,30,10,20,30,100,200,300,-100,-200,-300,0,0
172010050706,1,600,600,10,20,30,10,20,30,100,200,300,-100,-200,-300,200,1
172010050706,1,900,300,10,20,30,10,20,30,100,200,300,-100,-200,-300,-300,0
172010050706,2,500,700,10,20,30,10,20,30,100,200,300,-100,-200,-300,300,1
172010050706,2,700,500,10,20,30,10,20,30,100,200,300,-100,-200,-300,-200,0
182010050501,1,600,600,10,20,30,10,20,30,100,200,300,-100,-200,-300,200,1
182010050501,1,900,300,10,20,30,10,20,30,100,200,300,-100,-200,-300,-300,0
182010050501,2,500,700,10,20,30,10,20,30,100,200,300,-100,-200,-300,300,1
182010050501,2,700,500,10,20,30,10,20,30,100,200,300,-100,-200,-300,-200,0
182010050502,1,600,600,10,20,30,10,20,30,100,200,300,-100,-200,-300,300,1
182010050502,1,900,300,10,20,30,10,20,30,100,200,300,-100,-200,-300,-300,0
182010050502,2,500,700,10,20,30,10,20,30,100,200,300,-100,-200,-300,300,1
182010050502,2,700,500,10,20,30,10,20,30,100,200,300,-100,-200,-300,0,0
182010050603,1,600,600,10,20,30,10,20,30,100,200,300,-100,-200,-300,0,1
182010050603,1,900,300,10,20,30,10,20,30,100,200,300,-100,-200,-300,-300,0
182010050603,2,500,700,10,20,30,10,20,30,100,200,300,-100,-200,-300,-300,1
182010050603,2,700,500,10,20,30,10,20,30,100,200,300,-100,-200,-300,-300,0
182010050704,1,600,600,10,20,30,10,20,30,100,200,300,-100,-200,-300,0,1
182010050704,1,900,300,10,20,30,10,20,30,100,200,300,-100,-200,-300,0,0
182010050704,2,500,700,10,20,30,10,20,30,100,200,300,-100,-200,-300,0,1
182010050704,2,700,500,10,20,30,10,20,30,100,200,300,-100,-200,-300,0,0
182010050705,1,600,600,10,20,30,10,20,30,100,200,300,-100,-200,-300,0,1
182010050705,1,900,300,10,20,30,10,20,30,100,200,300,-100,-200,-300,0,0
182010050705,2,500,700,10,20,30,10,20,30,100,200,300,-100,-200,-300,0,1
182010050705,2,700,500,10,20,30,10,20,30,100,200,300,-100,-200,-300,0,0
182010050706,1,600,600,10,20,30,10,20,30,100,200,300,-100,-200,-300,300,1
182010050706,1,900,300,10,20,30,10,20,30,100,200,300,-100,-200,-300,-300,0
182010050706,2,500,700,10,20,30,10,20,30,100,200,300,-100,-200,-300,300,1
182010050706,2,700,500,10,20,30,10,20,30,100,200,300,-100,-200,-300,-300,0
192010050501,1,600,600,10,20,30,10,20,30,100,200,300,-100,-200,-300,0,1
192010050501,1,900,300,10,20,30,10,20,30,100,200,300,-100,-200,-300,0,0
192010050501,2,500,700,10,20,30,10,20,30,100,200,300,-100,-200,-300,0,1
192010050501,2,700,500,10,20,30,10,20,30,100,200,300,-100,-200,-300,0,0
192010050603,1,600,600,10,20,30,10,20,30,100,200,300,-100,-200,-300,0,1
192010050603,1,900,300,10,20,30,10,20,30,100,200,300,-100,-200,-300,-300,0
192010050603,2,500,700,10,20,30,10,20,30,100,200,300,-100,-200,-300,-300,1
192010050603,2,700,500,10,20,30,10,20,30,100,200,300,-100,-200,-300,-300,0
192010050704,1,600,600,10,20,30,10,20,30,100,200,300,-100,-200,-300,100,1
192010050704,1,900,300,10,20,30,10,20,30,100,200,300,-100,-200,-300,-100,0
192010050704,2,500,700,10,20,30,10,20,30,100,200,300,-100,-200,-300,100,1
192010050704,2,700,500,10,20,30,10,20,30,100,200,300,-100,-200,-300,0,0
192010050705,1,600,600,10,20,30,10,20,30,100,200,300,-100,-200,-300,200,1
192010050705,1,900,300,10,20,30,10,20,30,100,200,300,-100,-200,-300,-100,0
192010050705,2,500,700,10,20,30,10,20,30,100,200,300,-100,-200,-300,300,1
192010050705,2,700,500,10,20,30,10,20,30,100,200,300,-100,-200,-300,0,0
192010050706,1,600,600,10,20,30,10,20,30,100,200,300,-100,-200,-300,200,1
192010050706,1,900,300,10,20,30,10,20,30,100,200,300,-100,-200,-300,-200,0
192010050706,2,500,700,10,20,30,10,20,30,100,200,300,-100,-200,-300,300,1
192010050706,2,700,500,10,20,30,10,20,30,100,200,300,-100,-200,-300,0,0
202010050501,1,600,600,10,20,30,10,20,30,100,200,300,-100,-200,-300,-300,1
202010050501,1,900,300,10,20,30,10,20,30,100,200,300,-100,-200,-300,-300,0
202010050501,2,500,700,10,20,30,10,20,30,100,200,300,-100,-200,-300,300,1
202010050501,2,700,500,10,20,30,10,20,30,100,200,300,-100,-200,-300,0,0
202010050502,1,600,600,10,20,30,10,20,30,100,200,300,-100,-200,-300,300,1
202010050502,1,900,300,10,20,30,10,20,30,100,200,300,-100,-200,-300,-300,0
202010050502,2,500,700,10,20,30,10,20,30,100,200,300,-100,-200,-300,0,1
202010050502,2,700,500,10,20,30,10,20,30,100,200,300,-100,-200,-300,0,0
202010050705,1,600,600,10,20,30,10,20,30,100,200,300,-100,-200,-300,200,1
202010050705,1,900,300,10,20,30,10,20,30,100,200,300,-100,-200,-300,-300,0
202010050705,2,500,700,10,20,30,10,20,30,100,200,300,-100,-200,-300,200,1
202010050705,2,700,500,10,20,30,10,20,30,100,200,300,-100,-200,-300,-300,0
202010050706,1,600,600,10,20,30,10,20,30,100,200,300,-100,-200,-300,100,1
202010050706,1,900,300,10,20,30,10,20,30,100,200,300,-100,-200,-300,0,0
202010050706,2,500,700,10,20,30,10,20,30,100,200,300,-100,-200,-300,0,1
202010050706,2,700,500,10,20,30,10,20,30,100,200,300,-100,-200,-300,0,0
212010050501,1,600,600,10,20,30,10,20,30,100,200,300,-100,-200,-300,300,1
212010050501,1,900,300,10,20,30,10,20,30,100,200,300,-100,-200,-300,0,0
212010050501,2,500,700,10,20,30,10,20,30,100,200,300,-100,-200,-300,300,1
212010050501,2,700,500,10,20,30,10,20,30,100,200,300,-100,-200,-300,0,0
212010050502,1,600,600,10,20,30,10,20,30,100,200,300,-100,-200,-300,0,1
212010050502,1,900,300,10,20,30,10,20,30,100,200,300,-100,-200,-300,0,0
212010050502,2,500,700,10,20,30,10,20,30,100,200,300,-100,-200,-300,200,1
212010050502,2,700,500,10,20,30,10,20,30,100,200,300,-100,-200,-300,0,0
212010050705,1,600,600,10,20,30,10,20,30,100,200,300,-100,-200,-300,0,1
212010050705,1,900,300,10,20,30,10,20,30,100,200,300,-100,-200,-300,-300,0
212010050705,2,500,700,10,20,30,10,20,30,100,200,300,-100,-200,-300,0,1
212010050705,2,700,500,10,20,30,10,20,30,100,200,300,-100,-200,-300,0,0
212010050706,1,600,600,10,20,30,10,20,30,100,200,300,-100,-200,-300,200,1
212010050706,1,900,300,10,20,30,10,20,30,100,200,300,-100,-200,-300,-200,0
212010050706,2,500,700,10,20,30,10,20,30,100,200,300,-100,-200,-300,300,1
212010050706,2,700,500,10,20,30,10,20,30,100,200,300,-100,-200,-300,-300,0
222010050501,1,600,600,10,20,30,10,20,30,100,200,300,-100,-200,-300,300,1
222010050501,1,900,300,10,20,30,10,20,30,100,200,300,-100,-200,-300,0,0
222010050501,2,500,700,10,20,30,10,20,30,100,200,300,-100,-200,-300,300,1
222010050501,2,700,500,10,20,30,10,20,30,100,200,300,-100,-200,-300,0,0
222010050502,1,600,600,10,20,30,10,20,30,100,200,300,-100,-200,-300,0,1
222010050502,1,900,300,10,20,30,10,20,30,100,200,300,-100,-200,-300,-300,0
222010050502,2,500,700,10,20,30,10,20,30,100,200,300,-100,-200,-300,0,1
222010050502,2,700,500,10,20,30,10,20,30,100,200,300,-100,-200,-300,-300,0
222010050704,1,600,600,10,20,30,10,20,30,100,200,300,-100,-200,-300,0,1
222010050704,1,900,300,10,20,30,10,20,30,100,200,300,-100,-200,-300,-300,0
222010050704,2,500,700,10,20,30,10,20,30,100,200,300,-100,-200,-300,200,1
222010050704,2,700,500,10,20,30,10,20,30,100,200,300,-100,-200,-300,-200,0
222010050705,1,600,600,10,20,30,10,20,30,100,200,300,-100,-200,-300,100,1
222010050705,1,900,300,10,20,30,10,20,30,100,200,300,-100,-200,-300,-200,0
222010050705,2,500,700,10,20,30,10,20,30,100,200,300,-100,-200,-300,300,1
222010050705,2,700,500,10,20,30,10,20,30,100,200,300,-100,-200,-300,-200,0
232010050501,1,600,600,10,20,30,10,20,30,100,200,300,-100,-200,-300,0,1
232010050501,1,900,300,10,20,30,10,20,30,100,200,300,-100,-200,-300,0,0
232010050501,2,500,700,10,20,30,10,20,30,100,200,300,-100,-200,-300,0,1
232010050501,2,700,500,10,20,30,10,20,30,100,200,300,-100,-200,-300,0,0
232010050502,1,600,600,10,20,30,10,20,30,100,200,300,-100,-200,-300,100,1
232010050502,1,900,300,10,20,30,10,20,30,100,200,300,-100,-200,-300,-100,0
232010050502,2,500,700,10,20,30,10,20,30,100,200,300,-100,-200,-300,300,1
232010050502,2,700,500,10,20,30,10,20,30,100,200,300,-100,-200,-300,-300,0
232010050704,1,600,600,10,20,30,10,20,30,100,200,300,-100,-200,-300,300,1
232010050704,1,900,300,10,20,30,10,20,30,100,200,300,-100,-200,-300,0,0
232010050704,2,500,700,10,20,30,10,20,30,100,200,300,-100,-200,-300,300,1
232010050704,2,700,500,10,20,30,10,20,30,100,200,300,-100,-200,-300,0,0
242010050501,1,600,600,10,20,30,10,20,30,100,200,300,-100,-200,-300,100,1
242010050501,1,900,300,10,20,30,10,20,30,100,200,300,-100,-200,-300,-300,0
242010050501,2,500,700,10,20,30,10,20,30,100,200,300,-100,-200,-300,100,1
242010050501,2,700,500,10,20,30,10,20,30,100,200,300,-100,-200,-300,-200,0
242010050704,1,600,600,10,20,30,10,20,30,100,200,300,-100,-200,-300,300,1
242010050704,1,900,300,10,20,30,10,20,30,100,200,300,-100,-200,-300,-100,0
242010050704,2,500,700,10,20,30,10,20,30,100,200,300,-100,-200,-300,300,1
242010050704,2,700,500,10,20,30,10,20,30,100,200,300,-100,-200,-300,200,0
242010050705,1,600,600,10,20,30,10,20,30,100,200,300,-100,-200,-300,0,1
242010050705,1,900,300,10,20,30,10,20,30,100,200,300,-100,-200,-300,0,0
242010050705,2,500,700,10,20,30,10,20,30,100,200,300,-100,-200,-300,300,1
242010050705,2,700,500,10,20,30,10,20,30,100,200,300,-100,-200,-300,0,0
252010050501,1,600,600,10,20,30,10,20,30,100,200,300,-100,-200,-300,-300,1
252010050501,1,900,300,10,20,30,10,20,30,100,200,300,-100,-200,-300,-300,0
252010050501,2,500,700,10,20,30,10,20,30,100,200,300,-100,-200,-300,-300,1
252010050501,2,700,500,10,20,30,10,20,30,100,200,300,-100,-200,-300,0,0
252010050502,1,600,600,10,20,30,10,20,30,100,200,300,-100,-200,-300,0,1
252010050502,1,900,300,10,20,30,10,20,30,100,200,300,-100,-200,-300,0,0
252010050502,2,500,700,10,20,30,10,20,30,100,200,300,-100,-200,-300,0,1
252010050502,2,700,500,10,20,30,10,20,30,100,200,300,-100,-200,-300,0,0
252010050704,1,600,600,10,20,30,10,20,30,100,200,300,-100,-200,-300,300,1
252010050704,1,900,300,10,20,30,10,20,30,100,200,300,-100,-200,-300,0,0
252010050704,2,500,700,10,20,30,10,20,30,100,200,300,-100,-200,-300,300,1
252010050704,2,700,500,10,20,30,10,20,30,100,200,300,-100,-200,-300,0,0
252010050705,1,600,600,10,20,30,10,20,30,100,200,300,-100,-200,-300,0,1
252010050705,1,900,300,10,20,30,10,20,30,100,200,300,-100,-200,-300,0,0
252010050705,2,500,700,10,20,30,10,20,30,100,200,300,-100,-200,-300,0,1
252010050705,2,700,500,10,20,30,10,20,30,100,200,300,-100,-200,-300,0,0
262010050501,1,600,600,10,20,30,10,20,30,100,200,300,-100,-200,-300,0,1
262010050501,1,900,300,10,20,30,10,20,30,100,200,300,-100,-200,-300,-300,0
262010050501,2,500,700,10,20,30,10,20,30,100,200,300,-100,-200,-300,0,1
262010050501,2,700,500,10,20,30,10,20,30,100,200,300,-100,-200,-300,-300,0
262010050502,1,600,600,10,20,30,10,20,30,100,200,300,-100,-200,-300,0,1
262010050502,1,900,300,10,20,30,10,20,30,100,200,300,-100,-200,-300,-100,0
262010050502,2,500,700,10,20,30,10,20,30,100,200,300,-100,-200,-300,100,1
262010050502,2,700,500,10,20,30,10,20,30,100,200,300,-100,-200,-300,-100,0
262010050704,1,600,600,10,20,30,10,20,30,100,200,300,-100,-200,-300,0,1
262010050704,1,900,300,10,20,30,10,20,30,100,200,300,-100,-200,-300,-300,0
262010050704,2,500,700,10,20,30,10,20,30,100,200,300,-100,-200,-300,100,1
262010050704,2,700,500,10,20,30,10,20,30,100,200,300,-100,-200,-300,-300,0
262010050705,1,600,600,10,20,30,10,20,30,100,200,300,-100,-200,-300,0,1
262010050705,1,900,300,10,20,30,10,20,30,100,200,300,-100,-200,-300,0,0
262010050705,2,500,700,10,20,30,10,20,30,100,200,300,-100,-200,-300,0,1
262010050705,2,700,500,10,20,30,10,20,30,100,200,300,-100,-200,-300,0,0
272010050501,1,600,600,10,20,30,10,20,30,100,200,300,-100,-200,-300,300,1
272010050501,1,900,300,10,20,30,10,20,30,100,200,300,-100,-200,-300,300,0
272010050501,2,500,700,10,20,30,10,20,30,100,200,300,-100,-200,-300,300,1
272010050501,2,700,500,10,20,30,10,20,30,100,200,300,-100,-200,-300,300,0
272010050502,1,600,600,10,20,30,10,20,30,100,200,300,-100,-200,-300,0,1
272010050502,1,900,300,10,20,30,10,20,30,100,200,300,-100,-200,-300,0,0
272010050502,2,500,700,10,20,30,10,20,30,100,200,300,-100,-200,-300,100,1
272010050502,2,700,500,10,20,30,10,20,30,100,200,300,-100,-200,-300,0,0
272010050704,1,600,600,10,20,30,10,20,30,100,200,300,-100,-200,-300,300,1
272010050704,1,900,300,10,20,30,10,20,30,100,200,300,-100,-200,-300,300,0
272010050704,2,500,700,10,20,30,10,20,30,100,200,300,-100,-200,-300,300,1
272010050704,2,700,500,10,20,30,10,20,30,100,200,300,-100,-200,-300,300,0
272010050705,1,600,600,10,20,30,10,20,30,100,200,300,-100,-200,-300,0,1
272010050705,1,900,300,10,20,30,10,20,30,100,200,300,-100,-200,-300,0,0
272010050705,2,500,700,10,20,30,10,20,30,100,200,300,-100,-200,-300,0,1
272010050705,2,700,500,10,20,30,10,20,30,100,200,300,-100,-200,-300,0,0
282010050501,1,600,600,10,20,30,10,20,30,100,200,300,-100,-200,-300,0,1
282010050501,1,900,300,10,20,30,10,20,30,100,200,300,-100,-200,-300,-300,0
282010050501,2,500,700,10,20,30,10,20,30,100,200,300,-100,-200,-300,100,1
282010050501,2,700,500,10,20,30,10,20,30,100,200,300,-100,-200,-300,-200,0
282010050502,1,600,600,10,20,30,10,20,30,100,200,300,-100,-200,-300,200,1
282010050502,1,900,300,10,20,30,10,20,30,100,200,300,-100,-200,-300,-200,0
282010050502,2,500,700,10,20,30,10,20,30,100,200,300,-100,-200,-300,200,1
282010050502,2,700,500,10,20,30,10,20,30,100,200,300,-100,-200,-300,-200,0
282010050704,1,600,600,10,20,30,10,20,30,100,200,300,-100,-200,-300,100,1
282010050704,1,900,300,10,20,30,10,20,30,100,200,300,-100,-200,-300,-300,0
282010050704,2,500,700,10,20,30,10,20,30,100,200,300,-100,-200,-300,200,1
282010050704,2,700,500,10,20,30,10,20,30,100,200,300,-100,-200,-300,-100,0
282010050705,1,600,600,10,20,30,10,20,30,100,200,300,-100,-200,-300,300,1
282010050705,1,900,300,10,20,30,10,20,30,100,200,300,-100,-200,-300,300,0
282010050705,2,500,700,10,20,30,10,20,30,100,200,300,-100,-200,-300,300,1
282010050705,2,700,500,10,20,30,10,20,30,100,200,300,-100,-200,-300,300,0
292010050501,1,600,600,10,20,30,10,20,30,100,200,300,-100,-200,-300,0,1
292010050501,1,900,300,10,20,30,10,20,30,100,200,300,-100,-200,-300,-300,0
292010050501,2,500,700,10,20,30,10,20,30,100,200,300,-100,-200,-300,0,1
292010050501,2,700,500,10,20,30,10,20,30,100,200,300,-100,-200,-300,-300,0
292010050705,1,600,600,10,20,30,10,20,30,100,200,300,-100,-200,-300,0,1
292010050705,1,900,300,10,20,30,10,20,30,100,200,300,-100,-200,-300,-300,0
292010050705,2,500,700,10,20,30,10,20,30,100,200,300,-100,-200,-300,100,1
292010050705,2,700,500,10,20,30,10,20,30,100,200,300,-100,-200,-300,-300,0
302010050501,1,600,600,10,20,30,10,20,30,100,200,300,-100,-200,-300,0,1
302010050501,1,900,300,10,20,30,10,20,30,100,200,300,-100,-200,-300,0,0
302010050501,2,500,700,10,20,30,10,20,30,100,200,300,-100,-200,-300,0,1
302010050501,2,700,500,10,20,30,10,20,30,100,200,300,-100,-200,-300,0,0
302010050502,1,600,600,10,20,30,10,20,30,100,200,300,-100,-200,-300,100,1
302010050502,1,900,300,10,20,30,10,20,30,100,200,300,-100,-200,-300,-300,0
302010050502,2,500,700,10,20,30,10,20,30,100,200,300,-100,-200,-300,300,1
302010050502,2,700,500,10,20,30,10,20,30,100,200,300,-100,-200,-300,0,0
302010050705,1,600,600,10,20,30,10,20,30,100,200,300,-100,-200,-300,200,1
302010050705,1,900,300,10,20,30,10,20,30,100,200,300,-100,-200,-300,-300,0
302010050705,2,500,700,10,20,30,10,20,30,100,200,300,-100,-200,-300,300,1
302010050705,2,700,500,10,20,30,10,20,30,100,200,300,-100,-200,-300,0,0
312010050501,1,600,600,10,20,30,10,20,30,100,200,300,-100,-200,-300,0,1
312010050501,1,900,300,10,20,30,10,20,30,100,200,300,-100,-200,-300,-300,0
312010050501,2,500,700,10,20,30,10,20,30,100,200,300,-100,-200,-300,0,1
312010050501,2,700,500,10,20,30,10,20,30,100,200,300,-100,-200,-300,-300,0
312010050502,1,600,600,10,20,30,10,20,30,100,200,300,-100,-200,-300,0,1
312010050502,1,900,300,10,20,30,10,20,30,100,200,300,-100,-200,-300,-300,0
312010050502,2,500,700,10,20,30,10,20,30,100,200,300,-100,-200,-300,300,1
312010050502,2,700,500,10,20,30,10,20,30,100,200,300,-100,-200,-300,-200,0
312010050705,1,600,600,10,20,30,10,20,30,100,200,300,-100,-200,-300,100,1
312010050705,1,900,300,10,20,30,10,20,30,100,200,300,-100,-200,-300,0,0
312010050705,2,500,700,10,20,30,10,20,30,100,200,300,-100,-200,-300,100,1
312010050705,2,700,500,10,20,30,10,20,30,100,200,300,-100,-200,-300,-300,0
322010050501,1,600,600,10,20,30,10,20,30,100,200,300,-100,-200,-300,0,1
322010050501,1,900,300,10,20,30,10,20,30,100,200,300,-100,-200,-300,0,0
322010050501,2,500,700,10,20,30,10,20,30,100,200,300,-100,-200,-300,100,1
322010050501,2,700,500,10,20,30,10,20,30,100,200,300,-100,-200,-300,0,0
332010050501,1,600,600,10,20,30,10,20,30,100,200,300,-100,-200,-300,0,1
332010050501,1,900,300,10,20,30,10,20,30,100,200,300,-100,-200,-300,0,0
332010050501,2,500,700,10,20,30,10,20,30,100,200,300,-100,-200,-300,0,1
332010050501,2,700,500,10,20,30,10,20,30,100,200,300,-100,-200,-300,0,0
342010050501,1,600,600,10,20,30,10,20,30,100,200,300,-100,-200,-300,0,1
342010050501,1,900,300,10,20,30,10,20,30,100,200,300,-100,-200,-300,0,0
342010050501,2,500,700,10,20,30,10,20,30,100,200,300,-100,-200,-300,0,1
342010050501,2,700,500,10,20,30,10,20,30,100,200,300,-100,-200,-300,0,0
352010050501,1,600,600,10,20,30,10,20,30,100,200,300,-100,-200,-300,200,1
352010050501,1,900,300,10,20,30,10,20,30,100,200,300,-100,-200,-300,-200,0
352010050501,2,500,700,10,20,30,10,20,30,100,200,300,-100,-200,-300,300,1
352010050501,2,700,500,10,20,30,10,20,30,100,200,300,-100,-200,-300,-200,0
