sid,cost,trustworthy
12010050501,900,0
12010050501,800,0
12010050501,700,1
12010050501,600,0
12010050501,500,0
12010050501,400,0
12010050501,300,1
12010050501,200,0
12010050501,100,0
12010050501,0,1
12010050502,900,0
12010050502,800,0
12010050502,700,1
12010050502,600,1
12010050502,500,0
12010050502,400,0
12010050502,300,1
12010050502,200,1
12010050502,100,1
12010050502,0,1
12010050603,900,0
12010050603,800,0
12010050603,700,0
12010050603,600,0
12010050603,500,0
12010050603,400,0
12010050603,300,1
12010050603,200,1
12010050603,100,1
12010050603,0,1
12010050704,900,0
12010050704,800,0
12010050704,700,0
12010050704,600,1
12010050704,500,1
12010050704,400,1
12010050704,300,1
12010050704,200,1
12010050704,100,1
12010050704,0,1
12010050705,900,0
12010050705,800,1
12010050705,700,1
12010050705,600,1
12010050705,500,1
12010050705,400,1
12010050705,300,1
12010050705,200,1
12010050705,100,1
12010050705,0,1
12010050706,900,0
12010050706,800,0
12010050706,700,0
12010050706,600,0
12010050706,500,0
12010050706,400,1
12010050706,300,1
12010050706,200,1
12010050706,100,1
12010050706,0,1
12010051907,900,0
12010051907,800,1
12010051907,700,1
12010051907,600,1
12010051907,500,1
12010051907,400,1
12010051907,300,1
12010051907,200,1
12010051907,100,1
12010051907,0,1
22010050501,900,0
22010050501,800,0
22010050501,700,0
22010050501,600,0
22010050501,500,1
22010050501,400,1
22010050501,300,1
22010050501,200,1
22010050501,100,1
22010050501,0,1
22010050603,900,0
22010050603,800,0
22010050603,700,0
22010050603,600,0
22010050603,500,0
22010050603,400,0
22010050603,300,1
22010050603,200,1
22010050603,100,1
22010050603,0,1
22010050704,900,0
22010050704,800,0
22010050704,700,0
22010050704,600,0
22010050704,500,0
22010050704,400,0
22010050704,300,0
22010050704,200,0
22010050704,100,0
22010050704,0,1
22010050705,900,0
22010050705,800,0
22010050705,700,0
22010050705,600,0
22010050705,500,1
22010050705,400,1
22010050705,300,1
22010050705,200,1
22010050705,100,1
22010050705,0,1
22010050706,900,0
22010050706,800,0
22010050706,700,0
22010050706,600,0
22010050706,500,0
22010050706,400,0
22010050706,300,1
22010050706,200,1
22010050706,100,1
22010050706,0,1
22010051907,900,1
22010051907,800,1
22010051907,700,1
22010051907,600,1
22010051907,500,1
22010051907,400,1
22010051907,300,1
22010051907,200,1
22010051907,100,1
22010051907,0,1
32010050501,900,0
32010050501,800,0
32010050501,700,0
32010050501,600,0
32010050501,500,0
32010050501,400,0
32010050501,300,0
32010050501,200,0
32010050501,100,0
32010050501,0,1
32010050502,900,0
32010050502,800,0
32010050502,700,0
32010050502,600,0
32010050502,500,0
32010050502,400,0
32010050502,300,0
32010050502,200,0
32010050502,100,0
32010050502,0,0
32010050603,900,0
32010050603,800,0
32010050603,700,0
32010050603,600,0
32010050603,500,1
32010050603,400,1
32010050603,300,1
32010050603,200,1
32010050603,100,1
32010050603,0,1
32010050704,900,0
32010050704,800,0
32010050704,700,0
32010050704,600,0
32010050704,500,1
32010050704,400,1
32010050704,300,1
32010050704,200,1
32010050704,100,1
32010050704,0,1
32010050705,900,0
32010050705,800,1
32010050705,700,1
32010050705,600,1
32010050705,500,1
32010050705,400,1
32010050705,300,1
32010050705,200,1
32010050705,100,1
32010050705,0,1
32010050706,900,0
32010050706,800,0
32010050706,700,0
32010050706,600,0
32010050706,500,0
32010050706,400,0
32010050706,300,0
32010050706,200,1
32010050706,100,1
32010050706,0,1
32010051907,900,0
32010051907,800,0
32010051907,700,0
32010051907,600,0
32010051907,500,0
32010051907,400,0
32010051907,300,0
32010051907,200,0
32010051907,100,0
32010051907,0,0
42010050501,900,0
42010050501,800,1
42010050501,700,1
42010050501,600,1
42010050501,500,1
42010050501,400,1
42010050501,300,1
42010050501,200,1
42010050501,100,1
42010050501,0,1
42010050502,900,0
42010050502,800,0
42010050502,700,1
42010050502,600,1
42010050502,500,1
42010050502,400,1
42010050502,300,1
42010050502,200,1
42010050502,100,1
42010050502,0,1
42010050603,900,0
42010050603,800,0
42010050603,700,0
42010050603,600,0
42010050603,500,0
42010050603,400,0
42010050603,300,0
42010050603,200,0
42010050603,100,0
42010050603,0,1
42010050704,900,0
42010050704,800,0
42010050704,700,0
42010050704,600,0
42010050704,500,0
42010050704,400,0
42010050704,300,0
42010050704,200,0
42010050704,100,0
42010050704,0,1
42010050705,900,0
42010050705,800,0
42010050705,700,0
42010050705,600,0
42010050705,500,0
42010050705,400,0
42010050705,300,0
42010050705,200,0
42010050705,100,1
42010050705,0,1
42010050706,900,0
42010050706,800,0
42010050706,700,0
42010050706,600,1
42010050706,500,1
42010050706,400,1
42010050706,300,1
42010050706,200,1
42010050706,100,1
42010050706,0,1
42010051907,900,0
42010051907,800,0
42010051907,700,1
42010051907,600,1
42010051907,500,1
42010051907,400,1
42010051907,300,1
42010051907,200,1
42010051907,100,1
42010051907,0,1
52010050501,900,0
52010050501,800,0
52010050501,700,1
52010050501,600,1
52010050501,500,1
52010050501,400,1
52010050501,300,1
52010050501,200,1
52010050501,100,1
52010050501,0,1
52010050502,900,0
52010050502,800,0
52010050502,700,1
52010050502,600,1
52010050502,500,1
52010050502,400,1
52010050502,300,1
52010050502,200,1
52010050502,100,1
52010050502,0,1
52010050704,900,0
52010050704,800,0
52010050704,700,0
52010050704,600,0
52010050704,500,1
52010050704,400,1
52010050704,300,1
52010050704,200,1
52010050704,100,0
52010050704,0,0
52010050705,900,1
52010050705,800,1
52010050705,700,1
52010050705,600,1
52010050705,500,1
52010050705,400,1
52010050705,300,1
52010050705,200,1
52010050705,100,1
52010050705,0,1
52010050706,900,0
52010050706,800,1
52010050706,700,1
52010050706,600,1
52010050706,500,1
52010050706,400,1
52010050706,300,1
52010050706,200,1
52010050706,100,1
52010050706,0,1
52010051907,900,0
52010051907,800,1
52010051907,700,1
52010051907,600,1
52010051907,500,1
52010051907,400,1
52010051907,300,1
52010051907,200,1
52010051907,100,1
52010051907,0,1
62010050501,900,0
62010050501,800,1
62010050501,700,1
62010050501,600,1
62010050501,500,1
62010050501,400,1
62010050501,300,1
62010050501,200,1
62010050501,100,1
62010050501,0,1
62010050502,900,0
62010050502,800,0
62010050502,700,0
62010050502,600,0
62010050502,500,0
62010050502,400,0
62010050502,300,0
62010050502,200,0
62010050502,100,0
62010050502,0,1
62010050704,900,0
62010050704,800,0
62010050704,700,0
62010050704,600,0
62010050704,500,1
62010050704,400,1
62010050704,300,1
62010050704,200,1
62010050704,100,1
62010050704,0,1
62010051907,900,0
62010051907,800,0
62010051907,700,0
62010051907,600,0
62010051907,500,0
62010051907,400,0
62010051907,300,0
62010051907,200,0
62010051907,100,0
62010051907,0,1
72010050502,900,0
72010050502,800,0
72010050502,700,0
72010050502,600,0
72010050502,500,0
72010050502,400,0
72010050502,300,1
72010050502,200,1
72010050502,100,1
72010050502,0,1
72010050603,900,0
72010050603,800,0
72010050603,700,0
72010050603,600,0
72010050603,500,0
72010050603,400,0
72010050603,300,0
72010050603,200,0
72010050603,100,1
72010050603,0,1
72010050704,900,0
72010050704,800,0
72010050704,700,0
72010050704,600,0
72010050704,500,0
72010050704,400,0
72010050704,300,0
72010050704,200,0
72010050704,100,1
72010050704,0,1
72010050705,900,1
72010050705,800,1
72010050705,700,1
72010050705,600,1
72010050705,500,1
72010050705,400,1
72010050705,300,1
72010050705,200,1
72010050705,100,1
72010050705,0,1
72010050706,900,0
72010050706,800,1
72010050706,700,0
72010050706,600,1
72010050706,500,1
72010050706,400,1
72010050706,300,1
72010050706,200,1
72010050706,100,1
72010050706,0,1
72010051907,900,1
72010051907,800,0
72010051907,700,0
72010051907,600,1
72010051907,500,1
72010051907,400,1
72010051907,300,1
72010051907,200,1
72010051907,100,1
72010051907,0,1
82010050501,900,0
82010050501,800,0
82010050501,700,1
82010050501,600,1
82010050501,500,1
82010050501,400,1
82010050501,300,1
82010050501,200,1
82010050501,100,1
82010050501,0,1
82010050502,900,0
82010050502,800,0
82010050502,700,0
82010050502,600,1
82010050502,500,1
82010050502,400,1
82010050502,300,1
82010050502,200,1
82010050502,100,1
82010050502,0,1
82010050603,900,0
82010050603,800,0
82010050603,700,0
82010050603,600,0
82010050603,500,0
82010050603,400,0
82010050603,300,0
82010050603,200,0
82010050603,100,1
82010050603,0,1
82010050704,900,0
82010050704,800,0
82010050704,700,0
82010050704,600,1
82010050704,500,1
82010050704,400,1
82010050704,300,1
82010050704,200,1
82010050704,100,1
82010050704,0,1
82010050706,900,1
82010050706,800,1
82010050706,700,1
82010050706,600,1
82010050706,500,1
82010050706,400,1
82010050706,300,1
82010050706,200,1
82010050706,100,1
82010050706,0,0
82010051907,900,0
82010051907,800,0
82010051907,700,0
82010051907,600,0
82010051907,500,0
82010051907,400,0
82010051907,300,1
82010051907,200,1
82010051907,100,1
82010051907,0,1
92010050501,900,0
92010050501,800,0
92010050501,700,1
92010050501,600,1
92010050501,500,1
92010050501,400,1
92010050501,300,1
92010050501,200,1
92010050501,100,1
92010050501,0,1
92010050502,900,0
92010050502,800,0
92010050502,700,1
92010050502,600,1
92010050502,500,1
92010050502,400,1
92010050502,300,1
92010050502,200,1
92010050502,100,1
92010050502,0,1
92010050603,900,0
92010050603,800,0
92010050603,700,0
92010050603,600,0
92010050603,500,1
92010050603,400,1
92010050603,300,1
92010050603,200,1
92010050603,100,1
92010050603,0,1
92010050704,900,1
92010050704,800,1
92010050704,700,1
92010050704,600,1
92010050704,500,1
92010050704,400,1
92010050704,300,1
92010050704,200,1
92010050704,100,1
92010050704,0,1
92010050705,900,0
92010050705,800,0
92010050705,700,0
92010050705,600,0
92010050705,500,0
92010050705,400,0
92010050705,300,1
92010050705,200,1
92010050705,100,1
92010050705,0,1
92010050706,900,0
92010050706,800,1
92010050706,700,1
92010050706,600,1
92010050706,500,1
92010050706,400,1
92010050706,300,1
92010050706,200,1
92010050706,100,1
92010050706,0,1
92010051907,900,1
92010051907,800,1
92010051907,700,1
92010051907,600,1
92010051907,500,1
92010051907,400,1
92010051907,300,1
92010051907,200,1
92010051907,100,1
92010051907,0,1
102010050501,900,0
102010050501,800,1
102010050501,700,1
102010050501,600,1
102010050501,500,1
102010050501,400,1
102010050501,300,1
102010050501,200,1
102010050501,100,1
102010050501,0,1
102010050502,900,0
102010050502,800,0
102010050502,700,1
102010050502,600,1
102010050502,500,1
102010050502,400,1
102010050502,300,1
102010050502,200,1
102010050502,100,1
102010050502,0,1
102010050603,900,0
102010050603,800,0
102010050603,700,0
102010050603,600,0
102010050603,500,0
102010050603,400,0
102010050603,300,0
102010050603,200,0
102010050603,100,0
102010050603,0,1
102010050704,900,0
102010050704,800,0
102010050704,700,0
102010050704,600,0
102010050704,500,0
102010050704,400,0
102010050704,300,1
102010050704,200,1
102010050704,100,1
102010050704,0,1
102010050705,900,0
102010050705,800,0
102010050705,700,0
102010050705,600,1
102010050705,500,1
102010050705,400,1
102010050705,300,1
102010050705,200,1
102010050705,100,1
102010050705,0,1
102010051907,900,0
102010051907,800,0
102010051907,700,0
102010051907,600,0
102010051907,500,0
102010051907,400,1
102010051907,300,1
102010051907,200,1
102010051907,100,1
102010051907,0,1
112010050501,900,0
112010050501,800,1
112010050501,700,1
112010050501,600,1
112010050501,500,1
112010050501,400,1
112010050501,300,1
112010050501,200,1
112010050501,100,1
112010050501,0,1
112010050502,900,0
112010050502,800,0
112010050502,700,0
112010050502,600,0
112010050502,500,1
112010050502,400,1
112010050502,300,1
112010050502,200,1
112010050502,100,1
112010050502,0,1
112010050603,900,0
112010050603,800,0
112010050603,700,0
112010050603,600,0
112010050603,500,0
112010050603,400,0
112010050603,300,0
112010050603,200,0
112010050603,100,0
112010050603,0,0
112010050704,900,0
112010050704,800,0
112010050704,700,0
112010050704,600,0
112010050704,500,0
112010050704,400,0
112010050704,300,0
112010050704,200,0
112010050704,100,0
112010050704,0,1
112010050706,900,1
112010050706,800,1
112010050706,700,1
112010050706,600,1
112010050706,500,1
112010050706,400,1
112010050706,300,1
112010050706,200,1
112010050706,100,1
112010050706,0,1
112010051907,900,0
112010051907,800,0
112010051907,700,1
112010051907,600,1
112010051907,500,1
112010051907,400,1
112010051907,300,1
112010051907,200,1
112010051907,100,1
112010051907,0,1
122010050501,900,1
122010050501,800,1
122010050501,700,1
122010050501,600,1
122010050501,500,1
122010050501,400,1
122010050501,300,1
122010050501,200,1
122010050501,100,1
122010050501,0,1
122010050502,900,0
122010050502,800,0
122010050502,700,0
122010050502,600,0
122010050502,500,0
122010050502,400,0
122010050502,300,0
122010050502,200,0
122010050502,100,0
122010050502,0,1
122010050704,900,0
122010050704,800,0
122010050704,700,0
122010050704,600,0
122010050704,500,0
122010050704,400,0
122010050704,300,1
122010050704,200,1
122010050704,100,1
122010050704,0,1
122010050705,900,0
122010050705,800,0
122010050705,700,1
122010050705,600,1
122010050705,500,1
122010050705,400,1
122010050705,300,1
122010050705,200,1
122010050705,100,1
122010050705,0,1
122010050706,900,0
122010050706,800,0
122010050706,700,0
122010050706,600,0
122010050706,500,0
122010050706,400,0
122010050706,300,0
122010050706,200,0
122010050706,100,0
122010050706,0,1
122010051907,900,0
122010051907,800,0
122010051907,700,0
122010051907,600,0
122010051907,500,0
122010051907,400,0
122010051907,300,0
122010051907,200,0
122010051907,100,0
122010051907,0,1
132010050501,900,0
132010050501,800,0
132010050501,700,1
132010050501,600,1
132010050501,500,1
132010050501,400,0
132010050501,300,0
132010050501,200,1
132010050501,100,1
132010050501,0,1
132010050502,900,0
132010050502,800,0
132010050502,700,0
132010050502,600,0
132010050502,500,0
132010050502,400,0
132010050502,300,0
132010050502,200,0
132010050502,100,0
132010050502,0,1
132010050603,900,0
132010050603,800,1
132010050603,700,0
132010050603,600,1
132010050603,500,0
132010050603,400,1
132010050603,300,1
132010050603,200,1
132010050603,100,1
132010050603,0,1
132010050704,900,0
132010050704,800,1
132010050704,700,1
132010050704,600,1
132010050704,500,1
132010050704,400,1
132010050704,300,1
132010050704,200,1
132010050704,100,1
132010050704,0,1
132010050705,900,0
132010050705,800,1
132010050705,700,1
132010050705,600,1
132010050705,500,1
132010050705,400,1
132010050705,300,1
132010050705,200,1
132010050705,100,1
132010050705,0,1
132010051907,900,0
132010051907,800,1
132010051907,700,1
132010051907,600,1
132010051907,500,1
132010051907,400,1
132010051907,300,1
132010051907,200,1
132010051907,100,1
132010051907,0,1
142010050501,900,0
142010050501,800,0
142010050501,700,0
142010050501,600,0
142010050501,500,0
142010050501,400,0
142010050501,300,1
142010050501,200,1
142010050501,100,1
142010050501,0,1
142010050502,900,0
142010050502,800,0
142010050502,700,0
142010050502,600,0
142010050502,500,0
142010050502,400,0
142010050502,300,1
142010050502,200,1
142010050502,100,1
142010050502,0,1
142010050603,900,0
142010050603,800,1
142010050603,700,1
142010050603,600,1
142010050603,500,1
142010050603,400,1
142010050603,300,1
142010050603,200,1
142010050603,100,1
142010050603,0,1
142010050704,900,0
142010050704,800,1
142010050704,700,1
142010050704,600,1
142010050704,500,1
142010050704,400,1
142010050704,300,1
142010050704,200,1
142010050704,100,1
142010050704,0,1
142010050705,900,0
142010050705,800,1
142010050705,700,1
142010050705,600,1
142010050705,500,1
142010050705,400,1
142010050705,300,1
142010050705,200,1
142010050705,100,1
142010050705,0,1
142010050706,900,0
142010050706,800,0
142010050706,700,0
142010050706,600,0
142010050706,500,0
142010050706,400,0
142010050706,300,0
142010050706,200,0
142010050706,100,0
142010050706,0,1
142010051907,900,0
142010051907,800,1
142010051907,700,1
142010051907,600,1
142010051907,500,1
142010051907,400,1
142010051907,300,1
142010051907,200,1
142010051907,100,1
142010051907,0,1
152010050501,900,0
152010050501,800,0
152010050501,700,1
152010050501,600,1
152010050501,500,1
152010050501,400,1
152010050501,300,0
152010050501,200,1
152010050501,100,1
152010050501,0,1
152010050502,900,0
152010050502,800,1
152010050502,700,1
152010050502,600,1
152010050502,500,1
152010050502,400,1
152010050502,300,1
152010050502,200,1
152010050502,100,1
152010050502,0,1
152010050603,900,0
152010050603,800,0
152010050603,700,0
152010050603,600,0
152010050603,500,0
152010050603,400,0
152010050603,300,1
152010050603,200,1
152010050603,100,1
152010050603,0,1
152010050704,900,0
152010050704,800,0
152010050704,700,0
152010050704,600,1
152010050704,500,1
152010050704,400,1
152010050704,300,1
152010050704,200,1
152010050704,100,1
152010050704,0,1
152010050705,900,0
152010050705,800,0
152010050705,700,0
152010050705,600,0
152010050705,500,0
152010050705,400,0
152010050705,300,0
152010050705,200,1
152010050705,100,1
152010050705,0,1
152010051907,900,0
152010051907,800,0
152010051907,700,0
152010051907,600,0
152010051907,500,0
152010051907,400,0
152010051907,300,0
152010051907,200,0
152010051907,100,0
152010051907,0,1
162010050501,900,1
162010050501,800,1
162010050501,700,1
162010050501,600,1
162010050501,500,1
162010050501,400,1
162010050501,300,1
162010050501,200,1
162010050501,100,1
162010050501,0,1
162010050603,900,0
162010050603,800,0
162010050603,700,0
162010050603,600,0
162010050603,500,0
162010050603,400,0
162010050603,300,0
162010050603,200,1
162010050603,100,1
162010050603,0,1
162010050704,900,0
162010050704,800,1
162010050704,700,0
162010050704,600,1
162010050704,500,0
162010050704,400,1
162010050704,300,1
162010050704,200,1
162010050704,100,1
162010050704,0,1
162010050705,900,0
162010050705,800,1
162010050705,700,1
162010050705,600,1
162010050705,500,1
162010050705,400,1
162010050705,300,1
162010050705,200,1
162010050705,100,1
162010050705,0,1
162010050706,900,0
162010050706,800,0
162010050706,700,0
162010050706,600,0
162010050706,500,0
162010050706,400,0
162010050706,300,1
162010050706,200,1
162010050706,100,1
162010050706,0,1
162010051907,900,1
162010051907,800,1
162010051907,700,1
162010051907,600,1
162010051907,500,1
162010051907,400,1
162010051907,300,1
162010051907,200,1
162010051907,100,1
162010051907,0,1
172010050502,900,0
172010050502,800,1
172010050502,700,0
172010050502,600,0
172010050502,500,1
172010050502,400,1
172010050502,300,1
172010050502,200,1
172010050502,100,1
172010050502,0,1
172010050603,900,0
172010050603,800,0
172010050603,700,0
172010050603,600,0
172010050603,500,0
172010050603,400,0
172010050603,300,0
172010050603,200,0
172010050603,100,0
172010050603,0,0
172010050705,900,0
172010050705,800,0
172010050705,700,0
172010050705,600,0
172010050705,500,1
172010050705,400,1
172010050705,300,1
172010050705,200,1
172010050705,100,1
172010050705,0,1
172010050706,900,0
172010050706,800,0
172010050706,700,1
172010050706,600,1
172010050706,500,1
172010050706,400,1
172010050706,300,1
172010050706,200,1
172010050706,100,1
172010050706,0,1
182010050501,900,0
182010050501,800,0
182010050501,700,0
182010050501,600,1
182010050501,500,1
182010050501,400,1
182010050501,300,1
182010050501,200,1
182010050501,100,1
182010050501,0,1
182010050502,900,0
182010050502,800,0
182010050502,700,0
182010050502,600,0
182010050502,500,1
182010050502,400,1
182010050502,300,1
182010050502,200,1
182010050502,100,1
182010050502,0,1
182010050603,900,0
182010050603,800,0
182010050603,700,0
182010050603,600,0
182010050603,500,0
182010050603,400,0
182010050603,300,0
182010050603,200,0
182010050603,100,0
182010050603,0,0
182010050704,900,0
182010050704,800,0
182010050704,700,0
182010050704,600,0
182010050704,500,0
182010050704,400,0
182010050704,300,0
182010050704,200,0
182010050704,100,0
182010050704,0,0
182010050705,900,1
182010050705,800,1
182010050705,700,1
182010050705,600,1
182010050705,500,1
182010050705,400,1
182010050705,300,1
182010050705,200,1
182010050705,100,1
182010050705,0,1
182010050706,900,0
182010050706,800,0
182010050706,700,0
182010050706,600,0
182010050706,500,0
182010050706,400,0
182010050706,300,0
182010050706,200,0
182010050706,100,1
182010050706,0,1
192010050501,900,0
192010050501,800,0
192010050501,700,0
192010050501,600,0
192010050501,500,0
192010050501,400,0
192010050501,300,0
192010050501,200,0
192010050501,100,1
192010050501,0,1
192010050603,900,0
192010050603,800,0
192010050603,700,0
192010050603,600,0
192010050603,500,0
192010050603,400,0
192010050603,300,0
192010050603,200,0
192010050603,100,1
192010050603,0,1
192010050704,900,0
192010050704,800,0
192010050704,700,1
192010050704,600,1
192010050704,500,1
192010050704,400,1
192010050704,300,1
192010050704,200,1
192010050704,100,1
192010050704,0,1
192010050705,900,1
192010050705,800,1
192010050705,700,1
192010050705,600,1
192010050705,500,1
192010050705,400,1
192010050705,300,1
192010050705,200,1
192010050705,100,1
192010050705,0,1
192010050706,900,0
192010050706,800,0
192010050706,700,0
192010050706,600,0
192010050706,500,0
192010050706,400,0
192010050706,300,1
192010050706,200,1
192010050706,100,1
192010050706,0,1
202010050501,900,0
202010050501,800,1
202010050501,700,1
202010050501,600,1
202010050501,500,1
202010050501,400,1
202010050501,300,1
202010050501,200,1
202010050501,100,1
202010050501,0,1
202010050502,900,0
202010050502,800,0
202010050502,700,0
202010050502,600,0
202010050502,500,1
202010050502,400,1
202010050502,300,1
202010050502,200,1
202010050502,100,0
202010050502,0,1
202010050705,900,0
202010050705,800,0
202010050705,700,0
202010050705,600,0
202010050705,500,0
202010050705,400,1
202010050705,300,1
202010050705,200,1
202010050705,100,1
202010050705,0,1
202010050706,900,0
202010050706,800,0
202010050706,700,0
202010050706,600,1
202010050706,500,1
202010050706,400,1
202010050706,300,1
202010050706,200,1
202010050706,100,1
202010050706,0,1
212010050501,900,0
212010050501,800,0
212010050501,700,0
212010050501,600,0
212010050501,500,0
212010050501,400,0
212010050501,300,1
212010050501,200,1
212010050501,100,1
212010050501,0,1
212010050502,900,0
212010050502,800,0
212010050502,700,1
212010050502,600,1
212010050502,500,0
212010050502,400,0
212010050502,300,0
212010050502,200,1
212010050502,100,1
212010050502,0,1
212010050705,900,0
212010050705,800,0
212010050705,700,0
212010050705,600,0
212010050705,500,0
212010050705,400,0
212010050705,300,0
212010050705,200,0
212010050705,100,0
212010050705,0,1
212010050706,900,0
212010050706,800,0
212010050706,700,0
212010050706,600,0
212010050706,500,0
212010050706,400,0
212010050706,300,0
212010050706,200,0
212010050706,100,0
212010050706,0,1
222010050501,900,0
222010050501,800,0
222010050501,700,1
222010050501,600,1
222010050501,500,1
222010050501,400,1
222010050501,300,1
222010050501,200,1
222010050501,100,1
222010050501,0,1
222010050502,900,0
222010050502,800,0
222010050502,700,0
222010050502,600,0
222010050502,500,0
222010050502,400,0
222010050502,300,0
222010050502,200,0
222010050502,100,0
222010050502,0,0
222010050704,900,0
222010050704,800,0
222010050704,700,0
222010050704,600,0
222010050704,500,0
222010050704,400,1
222010050704,300,1
222010050704,200,1
222010050704,100,1
222010050704,0,1
222010050705,900,0
222010050705,800,1
222010050705,700,1
222010050705,600,1
222010050705,500,1
222010050705,400,1
222010050705,300,1
222010050705,200,1
222010050705,100,1
222010050705,0,1
232010050501,900,0
232010050501,800,0
232010050501,700,0
232010050501,600,0
232010050501,500,0
232010050501,400,0
232010050501,300,0
232010050501,200,0
232010050501,100,0
232010050501,0,1
232010050502,900,0
232010050502,800,0
232010050502,700,0
232010050502,600,0
232010050502,500,1
232010050502,400,1
232010050502,300,1
232010050502,200,1
232010050502,100,1
232010050502,0,1
232010050704,900,0
232010050704,800,0
232010050704,700,1
232010050704,600,1
232010050704,500,1
232010050704,400,1
232010050704,300,1
232010050704,200,1
232010050704,100,1
232010050704,0,1
242010050501,900,0
242010050501,800,0
242010050501,700,1
242010050501,600,0
242010050501,500,1
242010050501,400,1
242010050501,300,1
242010050501,200,1
242010050501,100,1
242010050501,0,1
242010050704,900,1
242010050704,800,1
242010050704,700,1
242010050704,600,1
242010050704,500,1
242010050704,400,1
242010050704,300,1
242010050704,200,1
242010050704,100,1
242010050704,0,1
242010050705,900,0
242010050705,800,0
242010050705,700,0
242010050705,600,0
242010050705,500,0
242010050705,400,0
242010050705,300,1
242010050705,200,1
242010050705,100,1
242010050705,0,1
252010050501,900,0
252010050501,800,0
252010050501,700,0
252010050501,600,0
252010050501,500,0
252010050501,400,0
252010050501,300,0
252010050501,200,0
252010050501,100,0
252010050501,0,0
252010050502,900,0
252010050502,800,0
252010050502,700,0
252010050502,600,0
252010050502,500,0
252010050502,400,0
252010050502,300,0
252010050502,200,0
252010050502,100,0
252010050502,0,1
252010050704,900,1
252010050704,800,1
252010050704,700,1
252010050704,600,1
252010050704,500,1
252010050704,400,1
252010050704,300,1
252010050704,200,1
252010050704,100,1
252010050704,0,1
252010050705,900,0
252010050705,800,0
252010050705,700,0
252010050705,600,0
252010050705,500,0
252010050705,400,0
252010050705,300,0
252010050705,200,1
252010050705,100,1
252010050705,0,1
262010050501,900,0
262010050501,800,0
262010050501,700,0
262010050501,600,0
262010050501,500,0
262010050501,400,0
262010050501,300,0
262010050501,200,0
262010050501,100,1
262010050501,0,1
262010050502,900,0
262010050502,800,0
262010050502,700,0
262010050502,600,0
262010050502,500,1
262010050502,400,1
262010050502,300,1
262010050502,200,1
262010050502,100,1
262010050502,0,1
262010050704,900,0
262010050704,800,0
262010050704,700,1
262010050704,600,1
262010050704,500,1
262010050704,400,1
262010050704,300,1
262010050704,200,1
262010050704,100,1
262010050704,0,1
262010050705,900,0
262010050705,800,0
262010050705,700,0
262010050705,600,0
262010050705,500,0
262010050705,400,1
262010050705,300,1
262010050705,200,1
262010050705,100,1
262010050705,0,1
272010050501,900,0
272010050501,800,1
272010050501,700,1
272010050501,600,1
272010050501,500,1
272010050501,400,1
272010050501,300,1
272010050501,200,1
272010050501,100,1
272010050501,0,1
272010050502,900,0
272010050502,800,0
272010050502,700,1
272010050502,600,1
272010050502,500,1
272010050502,400,1
272010050502,300,1
272010050502,200,1
272010050502,100,1
272010050502,0,1
272010050704,900,0
272010050704,800,0
272010050704,700,1
272010050704,600,1
272010050704,500,1
272010050704,400,1
272010050704,300,1
272010050704,200,1
272010050704,100,1
272010050704,0,1
272010050705,900,0
272010050705,800,0
272010050705,700,1
272010050705,600,1
272010050705,500,0
272010050705,400,0
272010050705,300,1
272010050705,200,1
272010050705,100,1
272010050705,0,1
282010050501,900,1
282010050501,800,1
282010050501,700,1
282010050501,600,1
282010050501,500,1
282010050501,400,1
282010050501,300,1
282010050501,200,1
282010050501,100,1
282010050501,0,1
282010050502,900,0
282010050502,800,0
282010050502,700,0
282010050502,600,0
282010050502,500,0
282010050502,400,1
282010050502,300,1
282010050502,200,1
282010050502,100,1
282010050502,0,1
282010050704,900,0
282010050704,800,0
282010050704,700,0
282010050704,600,0
282010050704,500,1
282010050704,400,1
282010050704,300,1
282010050704,200,1
282010050704,100,1
282010050704,0,1
282010050705,900,0
282010050705,800,0
282010050705,700,0
282010050705,600,1
282010050705,500,1
282010050705,400,1
282010050705,300,1
282010050705,200,1
282010050705,100,1
282010050705,0,1
292010050501,900,0
292010050501,800,0
292010050501,700,0
292010050501,600,0
292010050501,500,0
292010050501,400,0
292010050501,300,0
292010050501,200,0
292010050501,100,1
292010050501,0,1
292010050705,900,0
292010050705,800,1
292010050705,700,1
292010050705,600,1
292010050705,500,1
292010050705,400,1
292010050705,300,1
292010050705,200,1
292010050705,100,1
292010050705,0,1
302010050501,900,0
302010050501,800,0
302010050501,700,0
302010050501,600,0
302010050501,500,0
302010050501,400,0
302010050501,300,0
302010050501,200,0
302010050501,100,0
302010050501,0,1
302010050502,900,1
302010050502,800,1
302010050502,700,1
302010050502,600,1
302010050502,500,1
302010050502,400,1
302010050502,300,1
302010050502,200,1
302010050502,100,1
302010050502,0,1
302010050705,900,1
302010050705,800,1
302010050705,700,1
302010050705,600,1
302010050705,500,1
302010050705,400,1
302010050705,300,1
302010050705,200,1
302010050705,100,1
302010050705,0,1
312010050501,900,0
312010050501,800,0
312010050501,700,0
312010050501,600,0
312010050501,500,0
312010050501,400,0
312010050501,300,0
312010050501,200,0
312010050501,100,0
312010050501,0,1
312010050502,900,0
312010050502,800,0
312010050502,700,0
312010050502,600,0
312010050502,500,1
312010050502,400,1
312010050502,300,1
312010050502,200,1
312010050502,100,1
312010050502,0,1
312010050705,900,0
312010050705,800,0
312010050705,700,0
312010050705,600,0
312010050705,500,1
312010050705,400,1
312010050705,300,1
312010050705,200,1
312010050705,100,1
312010050705,0,1
322010050501,900,0
322010050501,800,0
322010050501,700,0
322010050501,600,0
322010050501,500,0
322010050501,400,0
322010050501,300,0
322010050501,200,1
322010050501,100,1
322010050501,0,1
332010050501,900,0
332010050501,800,0
332010050501,700,0
332010050501,600,0
332010050501,500,0
332010050501,400,0
332010050501,300,0
332010050501,200,0
332010050501,100,0
332010050501,0,1
342010050501,900,0
342010050501,800,1
342010050501,700,1
342010050501,600,1
342010050501,500,1
342010050501,400,1
342010050501,300,1
342010050501,200,1
342010050501,100,1
342010050501,0,1
352010050501,900,1
352010050501,800,1
352010050501,700,1
352010050501,600,1
352010050501,500,1
352010050501,400,1
352010050501,300,1
352010050501,200,1
352010050501,100,1
352010050501,0,1
